,id,seq,time,score_omiss,score_commiss,label
0,0,0,0.9667297,0.10988994,-0.10988994,0
1,0,0,1.1204032,0.29433602,-0.29433602,0
2,0,0,1.4964406,0.63487136,-0.63487136,0
3,0,0,2.0880046,0.81610376,-0.81610376,0
4,0,0,2.397795,0.8822169,-0.8822169,0
5,0,0,4.4389496,0.7052902,-0.7052902,0
6,0,0,6.233068,0.6865299,-0.6865299,0
7,0,0,8.269297,0.63468987,-0.63468987,0
8,0,0,15.890291,0.19635332,-0.19635332,0
9,0,0,16.08466,0.5457763,-0.5457763,0
10,0,0,17.152582,0.7204613,-0.7204613,0
11,0,0,17.917067,0.8076274,-0.8076274,0
12,0,0,20.76456,0.5692507,-0.5692507,0
13,0,0,23.70073,0.45197758,-0.45197758,0
14,0,0,24.006807,0.77290285,-0.77290285,0
15,0,0,24.150867,0.89408565,-0.89408565,0
16,0,0,27.040228,0.5964203,-0.5964203,0
17,0,0,30.12975,0.46228936,-0.46228936,0
18,0,0,31.150745,0.6569276,-0.6569276,0
19,0,0,32.58272,0.69464624,-0.69464624,0
20,0,0,32.812263,0.86768806,-0.86768806,0
21,0,0,34.629654,0.7147355,-0.7147355,0
22,0,0,37.88658,0.4973307,-0.4973307,0
23,0,0,39.159332,0.63771003,-0.63771003,0
24,0,0,39.613358,0.8260001,-0.8260001,0
25,0,0,40.134964,0.857075,-0.857075,0
26,0,0,40.266487,0.9059312,-0.9059312,0
27,0,0,42.03678,0.7394189,-0.7394189,1
28,0,0,43.532238,0.7458486,-0.7458486,1
29,0,0,44.706562,0.77681357,-0.77681357,0
30,0,0,46.520847,0.7022409,-0.7022409,0
31,0,0,51.913002,0.30258498,-0.30258498,0
32,0,0,53.892952,0.3763945,-0.3763945,0
33,0,0,58.01701,0.2747027,-0.2747027,0
34,0,0,58.079464,0.694981,-0.694981,0
35,0,0,60.081284,0.640449,-0.640449,0
36,0,0,61.977604,0.61450636,-0.61450636,0
37,0,0,62.016724,0.8750054,-0.8750054,0
38,0,0,62.960434,0.816119,-0.816119,0
39,0,0,68.627335,0.31485605,-0.31485605,0
40,0,0,68.64588,0.72967386,-0.72967386,0
41,0,0,71.32178,0.5628293,-0.5628293,0
42,0,0,77.465836,0.22085875,-0.22085875,0
43,0,0,78.55663,0.4150214,-0.4150214,0
44,0,0,84.004196,0.23392312,-0.23392312,0
45,0,0,87.77011,0.20619583,-0.20619583,0
46,0,0,88.11982,0.54943615,-0.54943615,0
47,0,0,88.95135,0.76179767,-0.76179767,0
48,0,0,90.85469,0.6750823,-0.6750823,0
49,0,0,92.73066,0.63924676,-0.63924676,0
50,0,0,94.99068,0.5697789,-0.5697789,0
51,0,0,97.401695,0.5105646,-0.5105646,0
52,0,0,97.52674,0.82976806,-0.82976806,0
53,0,0,98.8737,0.7581526,-0.7581526,0
0,0,1,4.275218,0.13223305,-0.13223305,0
1,0,1,4.3909535,0.37990814,-0.37990814,0
2,0,1,4.876939,0.7029844,-0.7029844,0
3,0,1,6.285429,0.7329624,-0.7329624,0
4,0,1,9.052153,0.55150473,-0.55150473,0
5,0,1,9.311637,0.82041425,-0.82041425,0
6,0,1,10.298463,0.80249935,-0.80249935,0
7,0,1,10.782574,0.8597618,-0.8597618,0
8,0,1,11.368115,0.85797983,-0.85797983,0
9,0,1,12.173957,0.8357001,-0.8357001,0
10,0,1,12.525661,0.8822553,-0.8822553,0
11,0,1,13.457994,0.8258003,-0.8258003,1
12,0,1,17.503534,0.4955378,-0.4955378,0
13,0,1,17.849363,0.7974247,-0.7974247,0
14,0,1,18.429253,0.8496412,-0.8496412,0
15,0,1,20.69982,0.6630966,-0.6630966,0
16,0,1,21.34001,0.8131472,-0.8131472,0
17,0,1,26.413372,0.35173902,-0.35173902,0
18,0,1,30.364529,0.24741262,-0.24741262,0
19,0,1,30.533678,0.64748913,-0.64748913,0
20,0,1,31.82839,0.72620887,-0.72620887,0
21,0,1,32.61566,0.80420023,-0.80420023,0
22,0,1,33.122005,0.85624874,-0.85624874,0
23,0,1,33.365738,0.89385927,-0.89385927,0
24,0,1,36.134792,0.6321349,-0.6321349,0
25,0,1,37.977028,0.65815175,-0.65815175,0
26,0,1,44.488228,0.23799421,-0.23799421,0
27,0,1,45.602787,0.4259607,-0.4259607,0
28,0,1,49.869488,0.29528537,-0.29528537,0
29,0,1,51.35781,0.44426236,-0.44426236,1
30,0,1,52.91421,0.5811056,-0.5811056,1
31,0,1,54.195526,0.683328,-0.683328,0
32,0,1,55.83729,0.67094547,-0.67094547,0
33,0,1,60.87707,0.30418918,-0.30418918,0
34,0,1,62.041767,0.4915358,-0.4915358,0
35,0,1,62.113384,0.8414228,-0.8414228,1
36,0,1,67.39567,0.33707058,-0.33707058,0
37,0,1,68.01931,0.6175014,-0.6175014,0
38,0,1,73.56402,0.27250278,-0.27250278,0
39,0,1,76.503746,0.2622049,-0.2622049,0
40,0,1,78.23467,0.40751317,-0.40751317,0
41,0,1,86.94741,0.15620202,-0.15620202,0
42,0,1,87.21122,0.4569847,-0.4569847,0
43,0,1,87.985176,0.72851604,-0.72851604,0
44,0,1,88.79331,0.8091373,-0.8091373,0
45,0,1,90.58846,0.703638,-0.703638,0
46,0,1,90.97679,0.8523895,-0.8523895,0
47,0,1,92.295845,0.77449113,-0.77449113,0
48,0,1,92.453674,0.8943268,-0.8943268,0
49,0,1,94.14331,0.7455016,-0.7455016,0
50,0,1,94.71104,0.84660095,-0.84660095,0
51,0,1,95.04196,0.88533944,-0.88533944,0
0,0,2,0.7970595,0.106872395,-0.106872395,0
1,0,2,1.6825125,0.21840568,-0.21840568,0
2,0,2,1.894426,0.5700896,-0.5700896,0
3,0,2,5.2981606,0.44696143,-0.44696143,0
4,0,2,6.3082237,0.63961136,-0.63961136,0
5,0,2,6.5286503,0.85773873,-0.85773873,1
6,0,2,6.9775276,0.8704259,-0.8704259,0
7,0,2,9.09953,0.691486,-0.691486,0
8,0,2,9.653091,0.8345496,-0.8345496,1
9,0,2,12.715997,0.56869125,-0.56869125,1
10,0,2,13.399025,0.770192,-0.770192,0
11,0,2,21.530209,0.20200089,-0.20200089,0
12,0,2,21.900288,0.5104746,-0.5104746,0
13,0,2,22.075415,0.8348358,-0.8348358,0
14,0,2,22.147255,0.91131234,-0.91131234,0
15,0,2,23.196796,0.8127375,-0.8127375,0
16,0,2,23.88386,0.8437883,-0.8437883,0
17,0,2,24.510773,0.85448015,-0.85448015,0
18,0,2,26.193068,0.7477247,-0.7477247,0
19,0,2,27.657734,0.7514054,-0.7514054,0
20,0,2,29.06649,0.75041276,-0.75041276,0
21,0,2,29.375196,0.8736714,-0.8736714,0
22,0,2,32.374306,0.5883536,-0.5883536,0
23,0,2,33.32761,0.74488854,-0.74488854,0
24,0,2,33.340004,0.9068416,-0.9068416,0
25,0,2,34.431923,0.80628073,-0.80628073,0
26,0,2,36.02896,0.74228984,-0.74228984,0
27,0,2,36.996326,0.7997879,-0.7997879,0
28,0,2,38.022236,0.8019975,-0.8019975,0
29,0,2,38.485497,0.86452264,-0.86452264,0
30,0,2,39.260284,0.83865094,-0.83865094,0
31,0,2,39.531765,0.89049995,-0.89049995,0
32,0,2,40.505936,0.82132894,-0.82132894,0
33,0,2,42.812233,0.68196213,-0.68196213,1
34,0,2,43.280037,0.84795195,-0.84795195,0
35,0,2,44.389675,0.80227345,-0.80227345,0
36,0,2,47.090298,0.611833,-0.611833,0
37,0,2,50.52461,0.43515468,-0.43515468,1
38,0,2,52.728344,0.45821875,-0.45821875,0
39,0,2,53.231255,0.74783736,-0.74783736,0
40,0,2,55.676567,0.59167325,-0.59167325,0
41,0,2,58.904457,0.42212164,-0.42212164,0
42,0,2,60.398746,0.5476865,-0.5476865,0
43,0,2,61.178738,0.7469554,-0.7469554,0
44,0,2,68.872986,0.20876426,-0.20876426,0
45,0,2,71.86993,0.21819389,-0.21819389,0
46,0,2,73.249794,0.4109239,-0.4109239,0
47,0,2,73.64529,0.75792056,-0.75792056,0
48,0,2,75.1131,0.7331091,-0.7331091,0
49,0,2,76.01168,0.79234904,-0.79234904,0
50,0,2,79.09644,0.53923434,-0.53923434,0
51,0,2,83.44699,0.3088439,-0.3088439,0
52,0,2,85.4992,0.3810959,-0.3810959,0
53,0,2,85.829414,0.74174005,-0.74174005,0
54,0,2,86.23575,0.85911155,-0.85911155,0
55,0,2,89.257545,0.5681724,-0.5681724,0
56,0,2,89.85406,0.78089863,-0.78089863,0
57,0,2,90.37947,0.8511301,-0.8511301,0
58,0,2,96.41473,0.2950257,-0.2950257,0
59,0,2,98.00408,0.42060944,-0.42060944,0
60,0,2,98.16441,0.7980256,-0.7980256,0
0,0,3,1.8865198,0.12148181,-0.12148181,0
1,0,3,2.1481602,0.3186814,-0.3186814,0
2,0,3,2.2433815,0.71573395,-0.71573395,0
3,0,3,3.263885,0.7874013,-0.7874013,0
4,0,3,3.8219292,0.8496091,-0.8496091,0
5,0,3,4.632163,0.83326024,-0.83326024,0
6,0,3,4.730663,0.90844625,-0.90844625,0
7,0,3,5.287479,0.86629033,-0.86629033,0
8,0,3,6.342261,0.8130064,-0.8130064,0
9,0,3,6.6754727,0.8832004,-0.8832004,0
10,0,3,7.929793,0.79530346,-0.79530346,0
11,0,3,8.544804,0.85211414,-0.85211414,0
12,0,3,11.28641,0.64094055,-0.64094055,0
13,0,3,11.856586,0.8241746,-0.8241746,0
14,0,3,11.994976,0.90371907,-0.90371907,0
15,0,3,16.440544,0.44581914,-0.44581914,0
16,0,3,17.152784,0.7067792,-0.7067792,0
17,0,3,19.263094,0.630291,-0.630291,0
18,0,3,19.79624,0.8088276,-0.8088276,0
19,0,3,20.174322,0.8714646,-0.8714646,1
20,0,3,23.689217,0.5226439,-0.5226439,0
21,0,3,24.184923,0.7794577,-0.7794577,0
22,0,3,25.04268,0.8117712,-0.8117712,0
23,0,3,26.914944,0.697323,-0.697323,0
24,0,3,27.706537,0.80173284,-0.80173284,0
25,0,3,29.470112,0.70958126,-0.70958126,0
26,0,3,29.946375,0.8437104,-0.8437104,0
27,0,3,31.85471,0.7042002,-0.7042002,0
28,0,3,33.0946,0.7492642,-0.7492642,0
29,0,3,34.982628,0.6777431,-0.6777431,1
30,0,3,38.114323,0.48563352,-0.48563352,0
31,0,3,41.608746,0.34730938,-0.34730938,0
32,0,3,41.752964,0.74022514,-0.74022514,0
33,0,3,42.629215,0.79874265,-0.79874265,0
34,0,3,44.32933,0.7092778,-0.7092778,0
35,0,3,44.489487,0.88142544,-0.88142544,0
36,0,3,44.88713,0.879486,-0.879486,0
37,0,3,46.778748,0.72277546,-0.72277546,1
38,0,3,50.57889,0.46578535,-0.46578535,0
39,0,3,51.161747,0.7352488,-0.7352488,0
40,0,3,52.417862,0.7482808,-0.7482808,0
41,0,3,52.849697,0.85420233,-0.85420233,0
42,0,3,55.555454,0.6088151,-0.6088151,0
43,0,3,56.87449,0.6984943,-0.6984943,0
44,0,3,57.562634,0.81276673,-0.81276673,0
45,0,3,66.18125,0.19316256,-0.19316256,0
46,0,3,69.04504,0.21630087,-0.21630087,0
47,0,3,70.16925,0.44821316,-0.44821316,0
48,0,3,72.89774,0.45103678,-0.45103678,0
49,0,3,74.63356,0.5367302,-0.5367302,0
50,0,3,75.46419,0.7302482,-0.7302482,0
51,0,3,75.92818,0.84588593,-0.84588593,0
52,0,3,77.715065,0.71335113,-0.71335113,0
53,0,3,78.657234,0.7874433,-0.7874433,0
54,0,3,78.789276,0.8987366,-0.8987366,0
55,0,3,80.51945,0.73914033,-0.73914033,0
56,0,3,81.61094,0.7855848,-0.7855848,0
57,0,3,82.16238,0.8534788,-0.8534788,0
58,0,3,89.12307,0.2554181,-0.2554181,0
59,0,3,89.51266,0.5848455,-0.5848455,0
60,0,3,92.115364,0.524158,-0.524158,0
61,0,3,93.04151,0.7026379,-0.7026379,0
62,0,3,97.04016,0.3948559,-0.3948559,0
63,0,3,98.58629,0.510109,-0.510109,0
0,0,4,1.1413186,0.11267619,-0.11267619,0
1,0,4,1.9150424,0.23986892,-0.23986892,0
2,0,4,5.441211,0.23739065,-0.23739065,0
3,0,4,11.101345,0.17346075,-0.17346075,0
4,0,4,11.762462,0.41590917,-0.41590917,0
5,0,4,15.161663,0.37486473,-0.37486473,0
6,0,4,17.29216,0.42938727,-0.42938727,0
7,0,4,18.990011,0.53705114,-0.53705114,0
8,0,4,23.042028,0.3326975,-0.3326975,0
9,0,4,26.882477,0.2460408,-0.2460408,0
10,0,4,30.55002,0.22744204,-0.22744204,0
11,0,4,34.161366,0.22410816,-0.22410816,1
12,0,4,35.67669,0.3848785,-0.3848785,0
13,0,4,36.07374,0.7389185,-0.7389185,0
14,0,4,36.307354,0.8808594,-0.8808594,0
15,0,4,39.517075,0.55633706,-0.55633706,0
16,0,4,40.611683,0.70290256,-0.70290256,0
17,0,4,44.118603,0.4523078,-0.4523078,0
18,0,4,48.79165,0.2498514,-0.2498514,0
19,0,4,50.000835,0.44272238,-0.44272238,1
20,0,4,51.45587,0.60500556,-0.60500556,0
21,0,4,53.570873,0.5762246,-0.5762246,0
22,0,4,54.779526,0.68374765,-0.68374765,0
23,0,4,55.01755,0.8647061,-0.8647061,0
24,0,4,56.714413,0.72758603,-0.72758603,1
25,0,4,61.478848,0.35435084,-0.35435084,0
26,0,4,61.664692,0.72825235,-0.72825235,0
27,0,4,69.553894,0.20480345,-0.20480345,0
28,0,4,70.07523,0.48252365,-0.48252365,1
29,0,4,72.04505,0.5604675,-0.5604675,0
30,0,4,77.329506,0.26242724,-0.26242724,0
31,0,4,88.546364,0.12422621,-0.12422621,0
32,0,4,88.952,0.34706205,-0.34706205,1
33,0,4,93.155785,0.28984043,-0.28984043,0
34,0,4,96.29526,0.2773439,-0.2773439,0
35,0,4,96.45511,0.6809261,-0.6809261,1
36,0,4,99.14426,0.55180895,-0.55180895,0
0,0,5,2.6836753,0.12702787,-0.12702787,0
1,0,5,2.7202365,0.37459147,-0.37459147,1
2,0,5,6.714437,0.29140404,-0.29140404,1
3,0,5,7.576297,0.5481063,-0.5481063,0
4,0,5,8.671768,0.7085668,-0.7085668,0
5,0,5,12.052484,0.4647132,-0.4647132,0
6,0,5,13.800495,0.53171694,-0.53171694,0
7,0,5,14.75963,0.70934236,-0.70934236,0
8,0,5,16.412558,0.68190926,-0.68190926,0
9,0,5,17.998238,0.67969847,-0.67969847,0
10,0,5,18.275345,0.8588705,-0.8588705,0
11,0,5,20.62834,0.64821565,-0.64821565,0
12,0,5,20.811857,0.8655031,-0.8655031,0
13,0,5,23.574884,0.60496813,-0.60496813,0
14,0,5,24.717724,0.72019666,-0.72019666,1
15,0,5,26.147713,0.7221507,-0.7221507,0
16,0,5,26.239965,0.8917876,-0.8917876,0
17,0,5,27.07435,0.8322199,-0.8322199,0
18,0,5,28.54888,0.7593353,-0.7593353,0
19,0,5,31.283478,0.59614307,-0.59614307,0
20,0,5,34.148964,0.48676085,-0.48676085,0
21,0,5,34.324123,0.8122403,-0.8122403,0
22,0,5,34.406498,0.9064,-0.9064,0
23,0,5,34.94041,0.86567,-0.86567,0
24,0,5,36.63424,0.7433633,-0.7433633,1
25,0,5,36.847164,0.88636,-0.88636,0
26,0,5,37.655605,0.8387443,-0.8387443,0
27,0,5,40.627502,0.6057117,-0.6057117,1
28,0,5,41.384747,0.78694516,-0.78694516,0
29,0,5,45.78356,0.40277842,-0.40277842,0
30,0,5,47.27848,0.5293575,-0.5293575,0
31,0,5,49.848858,0.4832181,-0.4832181,0
32,0,5,50.807262,0.6765298,-0.6765298,0
33,0,5,50.867775,0.88771707,-0.88771707,0
34,0,5,51.125183,0.89423025,-0.89423025,0
35,0,5,54.687798,0.5363076,-0.5363076,0
36,0,5,55.606438,0.7297509,-0.7297509,0
37,0,5,55.958096,0.86412376,-0.86412376,0
38,0,5,61.0902,0.357472,-0.357472,0
39,0,5,64.035645,0.32314846,-0.32314846,0
40,0,5,66.07779,0.41788733,-0.41788733,0
41,0,5,68.435196,0.44882432,-0.44882432,0
42,0,5,68.48372,0.82082355,-0.82082355,0
43,0,5,74.434586,0.28868887,-0.28868887,0
44,0,5,77.5886,0.25478554,-0.25478554,0
45,0,5,81.67565,0.22002678,-0.22002678,0
46,0,5,83.10353,0.38941407,-0.38941407,0
47,0,5,84.21116,0.6265773,-0.6265773,0
48,0,5,85.08505,0.767951,-0.767951,1
49,0,5,89.08009,0.42071846,-0.42071846,0
50,0,5,89.62211,0.7028512,-0.7028512,0
51,0,5,91.28149,0.681822,-0.681822,0
52,0,5,91.283745,0.8946753,-0.8946753,0
53,0,5,91.586426,0.8901445,-0.8901445,0
54,0,5,95.09786,0.54326403,-0.54326403,0
55,0,5,95.58468,0.79580855,-0.79580855,0
56,0,5,96.638054,0.7942768,-0.7942768,0
57,0,5,98.52268,0.69303226,-0.69303226,0
58,0,5,98.63193,0.8856721,-0.8856721,0
59,0,5,99.84086,0.7919698,-0.7919698,0
0,0,6,0.06495046,0.09074543,-0.09074543,0
1,0,6,0.851636,0.18112859,-0.18112859,0
2,0,6,2.7326062,0.27705067,-0.27705067,0
3,0,6,3.7222712,0.53878015,-0.53878015,0
4,0,6,4.029518,0.82400477,-0.82400477,0
5,0,6,4.5678964,0.85815656,-0.85815656,1
6,0,6,8.88992,0.4364336,-0.4364336,0
7,0,6,14.332443,0.21932577,-0.21932577,0
8,0,6,25.974476,0.12833327,-0.12833327,1
9,0,6,29.770473,0.16780205,-0.16780205,0
10,0,6,32.354134,0.22291571,-0.22291571,1
11,0,6,32.65812,0.56229633,-0.56229633,0
12,0,6,38.141735,0.29098645,-0.29098645,0
13,0,6,38.688988,0.5893096,-0.5893096,1
14,0,6,40.34723,0.64228195,-0.64228195,0
15,0,6,40.88434,0.8119957,-0.8119957,0
16,0,6,43.921246,0.5424294,-0.5424294,0
17,0,6,44.13549,0.8253003,-0.8253003,1
18,0,6,45.31328,0.7802509,-0.7802509,0
19,0,6,45.834995,0.85143435,-0.85143435,0
20,0,6,48.972878,0.5648201,-0.5648201,0
21,0,6,50.26578,0.68261695,-0.68261695,0
22,0,6,50.400043,0.8806031,-0.8806031,1
23,0,6,54.489326,0.45317787,-0.45317787,0
24,0,6,55.137196,0.71199906,-0.71199906,0
25,0,6,56.921234,0.6713357,-0.6713357,0
26,0,6,59.440693,0.54837817,-0.54837817,0
27,0,6,61.18955,0.590135,-0.590135,0
28,0,6,61.8165,0.7829028,-0.7829028,0
29,0,6,63.034187,0.7633485,-0.7633485,0
30,0,6,63.4986,0.85408056,-0.85408056,0
31,0,6,64.60867,0.79833573,-0.79833573,0
32,0,6,65.73455,0.79103816,-0.79103816,0
33,0,6,67.968025,0.66202027,-0.66202027,0
34,0,6,68.63623,0.80980223,-0.80980223,0
35,0,6,68.77214,0.90117264,-0.90117264,0
36,0,6,70.15697,0.7759114,-0.7759114,0
37,0,6,71.94738,0.7165765,-0.7165765,0
38,0,6,74.01508,0.6570686,-0.6570686,0
39,0,6,74.44669,0.8365407,-0.8365407,0
40,0,6,76.67137,0.659475,-0.659475,0
41,0,6,79.600235,0.5053085,-0.5053085,0
42,0,6,81.01128,0.6194038,-0.6194038,0
43,0,6,83.20169,0.5700941,-0.5700941,1
44,0,6,83.27518,0.85727006,-0.85727006,0
45,0,6,89.50761,0.27828684,-0.27828684,0
46,0,6,91.006744,0.41007268,-0.41007268,0
47,0,6,91.05044,0.8129488,-0.8129488,0
48,0,6,91.91308,0.8184473,-0.8184473,0
49,0,6,93.94166,0.6805234,-0.6805234,0
50,0,6,94.30349,0.8513513,-0.8513513,0
51,0,6,94.82514,0.86310416,-0.86310416,0
52,0,6,95.514565,0.84686726,-0.84686726,0
53,0,6,98.315346,0.621519,-0.621519,1
54,0,6,99.99481,0.6705179,-0.6705179,0
0,0,7,5.044933,0.13341694,-0.13341694,0
1,0,7,6.014318,0.2791953,-0.2791953,0
2,0,7,9.360988,0.2783696,-0.2783696,0
3,0,7,10.398668,0.51100534,-0.51100534,0
4,0,7,11.202736,0.73798794,-0.73798794,0
5,0,7,13.245769,0.64627224,-0.64627224,0
6,0,7,14.100695,0.7680592,-0.7680592,0
7,0,7,15.348246,0.7581421,-0.7581421,0
8,0,7,15.468808,0.89446825,-0.89446825,0
9,0,7,15.9799385,0.8684437,-0.8684437,0
10,0,7,16.59807,0.8556618,-0.8556618,0
11,0,7,17.766838,0.7997272,-0.7997272,0
12,0,7,20.758669,0.5980161,-0.5980161,0
13,0,7,20.970926,0.85375965,-0.85375965,0
14,0,7,21.769043,0.8338414,-0.8338414,0
15,0,7,22.551586,0.8330876,-0.8330876,0
16,0,7,23.060719,0.86419564,-0.86419564,0
17,0,7,24.611443,0.7597337,-0.7597337,0
18,0,7,26.938879,0.65419966,-0.65419966,1
19,0,7,27.145477,0.8679779,-0.8679779,0
20,0,7,27.720175,0.8595488,-0.8595488,0
21,0,7,27.990618,0.891571,-0.891571,0
22,0,7,28.971684,0.81997275,-0.81997275,0
23,0,7,31.246666,0.68358856,-0.68358856,0
24,0,7,32.80464,0.72018033,-0.72018033,0
25,0,7,33.327766,0.8433348,-0.8433348,0
26,0,7,34.093044,0.83522993,-0.83522993,0
27,0,7,35.47114,0.7689993,-0.7689993,0
28,0,7,36.10475,0.8420652,-0.8420652,0
29,0,7,36.341084,0.8946525,-0.8946525,0
30,0,7,37.8963,0.7614429,-0.7614429,0
31,0,7,38.62222,0.83427244,-0.83427244,0
32,0,7,45.12501,0.28185412,-0.28185412,0
33,0,7,46.645126,0.42192212,-0.42192212,0
34,0,7,48.356644,0.55313283,-0.55313283,0
35,0,7,49.00567,0.7691745,-0.7691745,0
36,0,7,49.106125,0.89803475,-0.89803475,0
37,0,7,50.12635,0.81237566,-0.81237566,0
38,0,7,51.309994,0.78819644,-0.78819644,0
39,0,7,54.77054,0.5202535,-0.5202535,0
40,0,7,55.78754,0.69816947,-0.69816947,0
41,0,7,58.749016,0.5116286,-0.5116286,0
42,0,7,58.940475,0.81618893,-0.81618893,0
43,0,7,59.611275,0.8374633,-0.8374633,0
44,0,7,60.75139,0.7900063,-0.7900063,0
45,0,7,65.73394,0.36058024,-0.36058024,0
46,0,7,74.38165,0.14030805,-0.14030805,0
47,0,7,74.93719,0.38092375,-0.38092375,0
48,0,7,79.74049,0.2664966,-0.2664966,1
49,0,7,82.65393,0.2720517,-0.2720517,0
50,0,7,90.47208,0.14735237,-0.14735237,0
51,0,7,93.31071,0.19918513,-0.19918513,0
52,0,7,95.310005,0.30830526,-0.30830526,0
53,0,7,97.75368,0.38073382,-0.38073382,0
0,0,8,0.022744289,0.08974283,-0.08974283,0
1,0,8,4.119358,0.14843361,-0.14843361,0
2,0,8,9.190378,0.1561884,-0.1561884,0
3,0,8,10.461948,0.28697523,-0.28697523,0
4,0,8,11.176142,0.59268016,-0.59268016,0
5,0,8,12.123002,0.7635834,-0.7635834,0
6,0,8,12.624319,0.8518267,-0.8518267,0
7,0,8,17.653654,0.366799,-0.366799,0
8,0,8,22.386604,0.21958104,-0.21958104,0
9,0,8,24.63411,0.2981297,-0.2981297,0
10,0,8,30.630156,0.18232061,-0.18232061,0
11,0,8,30.85711,0.51953316,-0.51953316,0
12,0,8,33.809925,0.46676126,-0.46676126,0
13,0,8,35.08719,0.6133249,-0.6133249,1
14,0,8,35.86216,0.77026546,-0.77026546,0
15,0,8,37.512363,0.703431,-0.703431,0
16,0,8,38.624832,0.7557838,-0.7557838,0
17,0,8,39.695164,0.7789141,-0.7789141,0
18,0,8,40.007786,0.8758208,-0.8758208,0
19,0,8,41.490585,0.7616461,-0.7616461,1
20,0,8,41.590744,0.89984506,-0.89984506,0
21,0,8,41.99312,0.88143164,-0.88143164,0
22,0,8,43.46327,0.7702418,-0.7702418,0
23,0,8,45.617302,0.68592113,-0.68592113,0
24,0,8,49.70738,0.416397,-0.416397,1
25,0,8,53.14991,0.31787136,-0.31787136,0
26,0,8,54.04918,0.5743296,-0.5743296,0
27,0,8,55.658768,0.64362437,-0.64362437,0
28,0,8,59.57692,0.37929603,-0.37929603,0
29,0,8,60.023624,0.69316995,-0.69316995,0
30,0,8,60.622868,0.82220566,-0.82220566,0
31,0,8,62.16779,0.7346815,-0.7346815,0
32,0,8,62.87462,0.8203157,-0.8203157,0
33,0,8,65.25823,0.6410266,-0.6410266,0
34,0,8,66.8907,0.66879874,-0.66879874,0
35,0,8,68.37874,0.6940612,-0.6940612,0
36,0,8,71.375824,0.5015982,-0.5015982,0
37,0,8,73.327934,0.5313836,-0.5313836,0
38,0,8,79.40631,0.22098045,-0.22098045,0
39,0,8,79.82929,0.53664017,-0.53664017,0
40,0,8,81.15162,0.6780184,-0.6780184,0
41,0,8,82.789215,0.67331076,-0.67331076,0
42,0,8,84.03158,0.7233685,-0.7233685,0
43,0,8,84.596825,0.8319804,-0.8319804,0
44,0,8,87.12393,0.62018794,-0.62018794,0
45,0,8,89.908806,0.5025068,-0.5025068,0
46,0,8,90.56221,0.73974043,-0.73974043,0
47,0,8,90.617195,0.8998468,-0.8998468,0
48,0,8,92.1896,0.75065917,-0.75065917,0
49,0,8,92.49433,0.87417156,-0.87417156,0
50,0,8,93.38161,0.8280118,-0.8280118,0
51,0,8,93.54522,0.9010605,-0.9010605,0
52,0,8,93.864716,0.8901918,-0.8901918,0
53,0,8,94.12568,0.8954145,-0.8954145,0
54,0,8,95.86885,0.7476946,-0.7476946,0
0,0,9,1.8205458,0.12087183,-0.12087183,0
1,0,9,8.081355,0.15301399,-0.15301399,0
2,0,9,8.837897,0.31782183,-0.31782183,0
3,0,9,12.100349,0.325017,-0.325017,0
4,0,9,15.782589,0.271658,-0.271658,0
5,0,9,16.180634,0.6186401,-0.6186401,0
6,0,9,16.758337,0.8114613,-0.8114613,0
7,0,9,17.859108,0.7885125,-0.7885125,0
8,0,9,21.463575,0.48178166,-0.48178166,1
9,0,9,27.942896,0.1964427,-0.1964427,0
10,0,9,28.294973,0.5191798,-0.5191798,0
11,0,9,38.387863,0.15630023,-0.15630023,0
12,0,9,39.904644,0.27919307,-0.27919307,0
13,0,9,41.675343,0.44044182,-0.44044182,1
14,0,9,42.45396,0.7057996,-0.7057996,0
15,0,9,44.91184,0.57845706,-0.57845706,0
16,0,9,45.319057,0.8070504,-0.8070504,0
17,0,9,46.064438,0.8272579,-0.8272579,0
18,0,9,47.56726,0.7465341,-0.7465341,0
19,0,9,49.754406,0.64497894,-0.64497894,0
20,0,9,50.814415,0.7478869,-0.7478869,0
21,0,9,50.81774,0.90757966,-0.90757966,0
22,0,9,55.794243,0.38238007,-0.38238007,0
23,0,9,56.06576,0.7333206,-0.7333206,0
24,0,9,60.43997,0.38263294,-0.38263294,0
25,0,9,64.042465,0.27905634,-0.27905634,0
26,0,9,65.751236,0.41347438,-0.41347438,1
27,0,9,73.83997,0.16378218,-0.16378218,1
28,0,9,76.484055,0.21510327,-0.21510327,0
29,0,9,76.9817,0.5397993,-0.5397993,0
30,0,9,85.41068,0.18552695,-0.18552695,0
31,0,9,88.40836,0.20725359,-0.20725359,0
32,0,9,94.914536,0.15445247,-0.15445247,0
33,0,9,95.35436,0.4085288,-0.4085288,0
34,0,9,97.43355,0.5211014,-0.5211014,0
35,0,9,98.69145,0.66409254,-0.66409254,0
0,1,10,12.011213,0.13591534,-0.13591534,0
1,1,10,12.82207,0.30271453,-0.30271453,0
2,1,10,13.429141,0.61632806,-0.61632806,0
3,1,10,20.410719,0.23566404,-0.23566404,0
4,1,10,22.083792,0.34360915,-0.34360915,1
5,1,10,35.41874,0.1300546,-0.1300546,0
6,1,10,35.72292,0.37774286,-0.37774286,0
7,1,10,35.99021,0.755501,-0.755501,0
8,1,10,37.04108,0.7961483,-0.7961483,0
9,1,10,37.30519,0.88437617,-0.88437617,0
10,1,10,38.01308,0.8474208,-0.8474208,0
11,1,10,39.20094,0.79559195,-0.79559195,0
12,1,10,39.413063,0.89324343,-0.89324343,0
13,1,10,39.68255,0.89557964,-0.89557964,0
14,1,10,40.075943,0.8816271,-0.8816271,0
15,1,10,41.003708,0.8258976,-0.8258976,0
16,1,10,41.335747,0.8843067,-0.8843067,0
17,1,10,42.299015,0.8238656,-0.8238656,0
18,1,10,43.085194,0.8377617,-0.8377617,0
19,1,10,43.764442,0.8500622,-0.8500622,0
20,1,10,46.188812,0.67929906,-0.67929906,0
21,1,10,48.440285,0.6423032,-0.6423032,0
22,1,10,51.022278,0.54913324,-0.54913324,0
23,1,10,51.042507,0.86002773,-0.86002773,0
24,1,10,54.334522,0.526991,-0.526991,1
25,1,10,55.52759,0.6645016,-0.6645016,0
26,1,10,56.95282,0.6997266,-0.6997266,0
27,1,10,56.995125,0.89349705,-0.89349705,0
28,1,10,58.16492,0.7945798,-0.7945798,0
29,1,10,59.336536,0.784282,-0.784282,0
30,1,10,59.362602,0.91130763,-0.91130763,0
31,1,10,59.44192,0.91693515,-0.91693515,0
32,1,10,60.481106,0.8147189,-0.8147189,0
33,1,10,60.788387,0.8854119,-0.8854119,0
34,1,10,62.84573,0.71878135,-0.71878135,0
35,1,10,68.03425,0.35888776,-0.35888776,0
36,1,10,68.44542,0.6937089,-0.6937089,0
37,1,10,69.243164,0.79937184,-0.79937184,0
38,1,10,69.64488,0.8671482,-0.8671482,0
39,1,10,70.143074,0.8666757,-0.8666757,0
40,1,10,70.71538,0.86018544,-0.86018544,0
41,1,10,70.761986,0.9168555,-0.9168555,0
42,1,10,72.014435,0.7948196,-0.7948196,0
43,1,10,73.078125,0.80693364,-0.80693364,0
44,1,10,73.37355,0.8869884,-0.8869884,0
45,1,10,74.877785,0.76996183,-0.76996183,1
46,1,10,75.21027,0.8781195,-0.8781195,0
47,1,10,75.66982,0.8748791,-0.8748791,0
48,1,10,78.93153,0.59136486,-0.59136486,0
49,1,10,79.11124,0.85900396,-0.85900396,0
50,1,10,79.85857,0.8420755,-0.8420755,1
51,1,10,80.67022,0.83199763,-0.83199763,0
52,1,10,81.96034,0.78218186,-0.78218186,0
53,1,10,83.25949,0.773656,-0.773656,0
54,1,10,84.22039,0.80699086,-0.80699086,0
55,1,10,84.33141,0.9045142,-0.9045142,0
56,1,10,84.9145,0.86193985,-0.86193985,0
57,1,10,85.54508,0.85427725,-0.85427725,0
58,1,10,86.0018,0.87287366,-0.87287366,0
59,1,10,86.89166,0.82972974,-0.82972974,1
60,1,10,88.69858,0.73748296,-0.73748296,0
0,1,11,1.7341667,0.12002983,-0.12002983,0
1,1,11,14.953802,0.14470807,-0.14470807,0
2,1,11,15.298769,0.34201378,-0.34201378,0
3,1,11,16.993479,0.50980765,-0.50980765,0
4,1,11,17.671217,0.75741816,-0.75741816,1
5,1,11,18.307852,0.8339841,-0.8339841,0
6,1,11,19.446793,0.7909425,-0.7909425,0
7,1,11,20.1709,0.83313835,-0.83313835,0
8,1,11,22.21865,0.69389975,-0.69389975,0
9,1,11,22.496754,0.867045,-0.867045,0
10,1,11,23.580404,0.80506134,-0.80506134,0
11,1,11,24.3093,0.8363682,-0.8363682,0
12,1,11,24.659218,0.8819305,-0.8819305,0
13,1,11,24.814808,0.9066229,-0.9066229,0
14,1,11,25.479351,0.85335946,-0.85335946,0
15,1,11,25.710669,0.8964387,-0.8964387,0
16,1,11,29.674955,0.53809077,-0.53809077,0
17,1,11,33.27882,0.4182749,-0.4182749,0
18,1,11,34.555252,0.5897425,-0.5897425,0
19,1,11,34.929436,0.82419586,-0.82419586,0
20,1,11,37.33931,0.624068,-0.624068,0
21,1,11,39.065334,0.63814354,-0.63814354,0
22,1,11,40.985027,0.617161,-0.617161,0
23,1,11,43.5791,0.5120834,-0.5120834,0
24,1,11,43.929718,0.79182005,-0.79182005,0
25,1,11,48.926617,0.34062704,-0.34062704,1
26,1,11,54.79078,0.17286356,-0.17286356,1
27,1,11,59.125736,0.17228803,-0.17228803,1
28,1,11,62.35632,0.2080272,-0.2080272,1
29,1,11,66.197395,0.2082187,-0.2082187,0
30,1,11,68.855064,0.26131922,-0.26131922,0
31,1,11,69.952065,0.49690133,-0.49690133,1
32,1,11,72.76,0.45930538,-0.45930538,0
33,1,11,79.55056,0.18377638,-0.18377638,0
34,1,11,80.56294,0.37752256,-0.37752256,0
35,1,11,81.1515,0.7072547,-0.7072547,0
36,1,11,82.624985,0.7188147,-0.7188147,1
37,1,11,84.01039,0.72276914,-0.72276914,0
38,1,11,84.66491,0.8212886,-0.8212886,0
0,1,12,1.0250039,0.11085512,-0.11085512,1
1,1,12,1.5141317,0.25836462,-0.25836462,0
2,1,12,9.532181,0.14975926,-0.14975926,0
3,1,12,10.313771,0.35191405,-0.35191405,0
4,1,12,27.405926,0.12796894,-0.12796894,1
5,1,12,28.734705,0.25443047,-0.25443047,0
6,1,12,30.152233,0.4530769,-0.4530769,0
7,1,12,30.585606,0.7730498,-0.7730498,0
8,1,12,34.29642,0.46494234,-0.46494234,0
9,1,12,34.761604,0.74302304,-0.74302304,0
10,1,12,35.417637,0.82555956,-0.82555956,0
11,1,12,35.60287,0.895908,-0.895908,0
12,1,12,38.709736,0.5839967,-0.5839967,0
13,1,12,40.44299,0.6381883,-0.6381883,0
14,1,12,41.497326,0.7449108,-0.7449108,0
15,1,12,53.737038,0.14188394,-0.14188394,0
16,1,12,55.220333,0.2651864,-0.2651864,0
17,1,12,59.896,0.21787275,-0.21787275,0
18,1,12,60.708797,0.47252974,-0.47252974,0
19,1,12,61.267662,0.763911,-0.763911,0
20,1,12,61.38383,0.8974186,-0.8974186,0
21,1,12,61.658245,0.8936326,-0.8936326,0
22,1,12,62.562084,0.8276969,-0.8276969,0
23,1,12,63.801533,0.7903993,-0.7903993,0
24,1,12,63.962067,0.89872813,-0.89872813,0
25,1,12,64.31403,0.8871433,-0.8871433,0
26,1,12,67.00977,0.65340596,-0.65340596,0
27,1,12,69.10517,0.65325123,-0.65325123,0
28,1,12,69.61185,0.8295049,-0.8295049,0
29,1,12,69.841125,0.892671,-0.892671,0
30,1,12,70.50029,0.85202664,-0.85202664,0
31,1,12,70.58817,0.91131294,-0.91131294,0
32,1,12,70.606575,0.9236381,-0.9236381,0
33,1,12,72.586716,0.7252419,-0.7252419,0
34,1,12,76.27935,0.5215302,-0.5215302,0
35,1,12,76.28407,0.8590844,-0.8590844,0
36,1,12,80.03328,0.48697743,-0.48697743,0
37,1,12,81.5398,0.5922121,-0.5922121,0
38,1,12,82.64283,0.7173016,-0.7173016,0
39,1,12,83.38306,0.8072603,-0.8072603,0
40,1,12,85.252754,0.6914118,-0.6914118,0
41,1,12,87.296196,0.6318659,-0.6318659,0
42,1,12,87.75268,0.82313997,-0.82313997,0
43,1,12,88.11276,0.8760893,-0.8760893,0
0,1,13,7.798529,0.1352125,-0.1352125,0
1,1,13,13.395117,0.16118786,-0.16118786,0
2,1,13,18.543655,0.15995598,-0.15995598,0
3,1,13,19.821856,0.29281196,-0.29281196,0
4,1,13,21.051607,0.5232165,-0.5232165,0
5,1,13,21.49244,0.8012969,-0.8012969,1
6,1,13,21.503784,0.9140569,-0.9140569,0
7,1,13,22.04825,0.8669214,-0.8669214,0
8,1,13,22.809185,0.8417009,-0.8417009,0
9,1,13,23.68118,0.829801,-0.829801,0
10,1,13,25.792843,0.70288247,-0.70288247,0
11,1,13,25.91315,0.89039475,-0.89039475,0
12,1,13,28.37558,0.66312003,-0.66312003,1
13,1,13,28.560373,0.8726849,-0.8726849,1
14,1,13,31.703697,0.571426,-0.571426,0
15,1,13,32.397884,0.7720555,-0.7720555,0
16,1,13,35.135227,0.5723965,-0.5723965,0
17,1,13,36.32011,0.689705,-0.689705,0
18,1,13,39.170555,0.51726,-0.51726,0
19,1,13,40.55535,0.6246775,-0.6246775,0
20,1,13,41.14431,0.8015147,-0.8015147,0
21,1,13,42.341667,0.7710591,-0.7710591,0
22,1,13,48.736843,0.26063222,-0.26063222,0
23,1,13,49.463226,0.5206618,-0.5206618,0
24,1,13,51.47444,0.5689236,-0.5689236,0
25,1,13,55.20605,0.36686993,-0.36686993,0
26,1,13,56.612164,0.51451284,-0.51451284,0
27,1,13,59.38902,0.45088172,-0.45088172,0
28,1,13,59.660778,0.77728117,-0.77728117,0
29,1,13,61.307243,0.7054202,-0.7054202,0
30,1,13,62.18593,0.7856143,-0.7856143,0
31,1,13,62.503086,0.875758,-0.875758,0
32,1,13,63.714863,0.7905929,-0.7905929,0
33,1,13,64.41447,0.837829,-0.837829,0
34,1,13,65.57738,0.79568905,-0.79568905,0
35,1,13,65.70947,0.90128964,-0.90128964,0
36,1,13,66.71137,0.81896645,-0.81896645,0
37,1,13,66.86796,0.9013823,-0.9013823,0
38,1,13,68.450935,0.7625443,-0.7625443,0
39,1,13,69.32667,0.82105577,-0.82105577,0
40,1,13,69.86879,0.8620224,-0.8620224,0
41,1,13,70.025566,0.90531737,-0.90531737,0
42,1,13,71.94041,0.72971594,-0.72971594,0
43,1,13,72.16177,0.8849142,-0.8849142,0
44,1,13,73.39203,0.7972999,-0.7972999,0
45,1,13,75.864456,0.6538097,-0.6538097,0
46,1,13,78.94088,0.5096659,-0.5096659,0
47,1,13,79.4463,0.7692442,-0.7692442,0
48,1,13,81.22675,0.68795085,-0.68795085,0
49,1,13,81.5535,0.8539419,-0.8539419,0
50,1,13,82.465546,0.81819123,-0.81819123,0
51,1,13,85.3454,0.5868839,-0.5868839,0
52,1,13,86.12342,0.76723206,-0.76723206,0
53,1,13,86.4941,0.86754537,-0.86754537,0
54,1,13,87.842804,0.77276814,-0.77276814,0
55,1,13,88.55493,0.83228004,-0.83228004,0
56,1,13,90.86218,0.66408587,-0.66408587,0
57,1,13,92.08677,0.7406912,-0.7406912,0
58,1,13,92.45762,0.86345315,-0.86345315,0
59,1,13,94.31886,0.7141377,-0.7141377,0
60,1,13,94.6983,0.85853636,-0.85853636,0
61,1,13,95.66585,0.81640565,-0.81640565,0
62,1,13,95.99198,0.88165253,-0.88165253,0
63,1,13,98.062996,0.7065034,-0.7065034,0
0,1,14,16.146656,0.13613619,-0.13613619,1
1,1,14,16.450768,0.36647132,-0.36647132,0
2,1,14,18.863274,0.42950845,-0.42950845,0
3,1,14,18.953184,0.80146444,-0.80146444,0
4,1,14,19.081602,0.90025723,-0.90025723,0
5,1,14,19.606981,0.86853147,-0.86853147,0
6,1,14,20.23308,0.856294,-0.856294,0
7,1,14,20.948778,0.8470561,-0.8470561,0
8,1,14,21.625944,0.85043794,-0.85043794,0
9,1,14,21.740242,0.90932125,-0.90932125,1
10,1,14,21.818743,0.9170717,-0.9170717,0
11,1,14,22.059595,0.8990019,-0.8990019,0
12,1,14,22.1333,0.91662735,-0.91662735,0
13,1,14,24.474672,0.6962354,-0.6962354,0
14,1,14,26.75332,0.68134654,-0.68134654,0
15,1,14,29.089264,0.6323669,-0.6323669,0
16,1,14,45.788612,0.11987941,-0.11987941,0
17,1,14,46.145103,0.36638808,-0.36638808,0
18,1,14,46.675285,0.7111285,-0.7111285,0
19,1,14,47.41142,0.82128125,-0.82128125,0
20,1,14,47.45303,0.9123373,-0.9123373,0
21,1,14,47.64666,0.9038884,-0.9038884,0
22,1,14,49.326668,0.75217223,-0.75217223,0
23,1,14,51.932255,0.63268435,-0.63268435,0
24,1,14,52.36837,0.8356056,-0.8356056,0
25,1,14,53.44018,0.8006789,-0.8006789,0
26,1,14,53.726494,0.8831626,-0.8831626,0
27,1,14,54.33102,0.8581885,-0.8581885,0
28,1,14,54.58572,0.8938871,-0.8938871,0
29,1,14,54.78277,0.9028816,-0.9028816,0
30,1,14,59.031578,0.5054325,-0.5054325,0
31,1,14,60.603886,0.6403522,-0.6403522,0
32,1,14,61.139324,0.8212297,-0.8212297,0
33,1,14,62.708176,0.7337602,-0.7337602,0
34,1,14,63.073757,0.86147004,-0.86147004,0
35,1,14,63.16822,0.91107327,-0.91107327,0
36,1,14,63.404514,0.89910305,-0.89910305,0
37,1,14,64.176865,0.8414801,-0.8414801,0
38,1,14,64.33115,0.9039455,-0.9039455,1
39,1,14,64.72306,0.88267916,-0.88267916,0
40,1,14,67.68039,0.637704,-0.637704,0
41,1,14,67.73594,0.88832295,-0.88832295,0
42,1,14,69.97395,0.69444954,-0.69444954,0
43,1,14,70.46878,0.8444045,-0.8444045,0
44,1,14,70.9189,0.8719282,-0.8719282,0
45,1,14,71.49861,0.8599618,-0.8599618,0
46,1,14,72.30198,0.8364901,-0.8364901,0
47,1,14,73.25561,0.82035303,-0.82035303,0
48,1,14,74.17551,0.82272863,-0.82272863,1
49,1,14,75.891396,0.7406146,-0.7406146,0
50,1,14,78.45104,0.6175077,-0.6175077,0
51,1,14,78.887375,0.82652205,-0.82652205,0
52,1,14,79.490524,0.85008216,-0.85008216,0
53,1,14,79.96864,0.8673893,-0.8673893,0
54,1,14,81.53011,0.756533,-0.756533,0
55,1,14,82.48663,0.8067373,-0.8067373,0
56,1,14,83.58598,0.798005,-0.798005,0
57,1,14,84.88556,0.77303094,-0.77303094,0
58,1,14,84.98342,0.9018322,-0.9018322,0
59,1,14,87.01459,0.71045065,-0.71045065,1
60,1,14,88.56806,0.725541,-0.725541,0
61,1,14,88.67023,0.8943487,-0.8943487,0
62,1,14,90.0217,0.77892154,-0.77892154,0
63,1,14,90.07054,0.90780807,-0.90780807,0
64,1,14,90.88917,0.83812535,-0.83812535,0
65,1,14,92.15233,0.7880966,-0.7880966,0
66,1,14,93.81313,0.7411902,-0.7411902,0
67,1,14,96.65108,0.58050495,-0.58050495,0
68,1,14,96.83746,0.8478383,-0.8478383,0
69,1,14,97.46453,0.8498094,-0.8498094,0
70,1,14,98.472824,0.8093204,-0.8093204,0
0,1,15,3.0589483,0.12876943,-0.12876943,1
1,1,15,8.756251,0.15789387,-0.15789387,1
2,1,15,25.175222,0.13926148,-0.13926148,0
3,1,15,26.483843,0.24388547,-0.24388547,0
4,1,15,48.23352,0.13215701,-0.13215701,0
5,1,15,56.11074,0.14342256,-0.14342256,0
6,1,15,59.12453,0.18227383,-0.18227383,0
7,1,15,60.75972,0.29745865,-0.29745865,0
8,1,15,60.778965,0.7161002,-0.7161002,0
9,1,15,70.46275,0.18137068,-0.18137068,1
10,1,15,72.293045,0.27092448,-0.27092448,0
11,1,15,75.92856,0.26184773,-0.26184773,0
12,1,15,76.216835,0.6356972,-0.6356972,0
13,1,15,77.04245,0.78450763,-0.78450763,0
14,1,15,77.352875,0.8760245,-0.8760245,0
15,1,15,77.52491,0.90310353,-0.90310353,0
16,1,15,80.83846,0.57454646,-0.57454646,0
17,1,15,81.873695,0.73687905,-0.73687905,0
18,1,15,82.000824,0.89276475,-0.89276475,0
19,1,15,82.438705,0.8759341,-0.8759341,0
20,1,15,82.70603,0.8933083,-0.8933083,0
21,1,15,83.45021,0.84469557,-0.84469557,0
22,1,15,83.94718,0.8679231,-0.8679231,0
23,1,15,84.25661,0.88965154,-0.88965154,0
24,1,15,84.38852,0.9098454,-0.9098454,0
25,1,15,86.11617,0.7497337,-0.7497337,0
26,1,15,86.28511,0.89419824,-0.89419824,0
27,1,15,87.842445,0.76859254,-0.76859254,0
28,1,15,89.90495,0.70215976,-0.70215976,0
29,1,15,90.89547,0.79291636,-0.79291636,0
30,1,15,91.77262,0.8179851,-0.8179851,0
31,1,15,92.87976,0.79554623,-0.79554623,0
32,1,15,93.57772,0.8382145,-0.8382145,0
0,1,16,4.3501186,0.13237302,-0.13237302,1
1,1,16,14.957082,0.14660315,-0.14660315,0
2,1,16,24.161406,0.14307605,-0.14307605,0
3,1,16,27.206928,0.18276888,-0.18276888,0
4,1,16,33.405293,0.1548806,-0.1548806,0
5,1,16,38.09903,0.16220419,-0.16220419,0
6,1,16,38.15844,0.46805897,-0.46805897,0
7,1,16,39.03603,0.72669125,-0.72669125,0
8,1,16,39.06422,0.9049716,-0.9049716,0
9,1,16,39.515076,0.876381,-0.876381,1
10,1,16,40.869267,0.78123283,-0.78123283,0
11,1,16,43.27491,0.65472716,-0.65472716,0
12,1,16,43.512753,0.8648944,-0.8648944,0
13,1,16,44.40821,0.8250456,-0.8250456,0
14,1,16,44.564404,0.90089715,-0.90089715,0
15,1,16,44.667828,0.9135227,-0.9135227,0
16,1,16,45.336956,0.85289544,-0.85289544,0
17,1,16,45.34123,0.9210969,-0.9210969,0
18,1,16,47.156006,0.74259126,-0.74259126,0
19,1,16,47.337563,0.89190125,-0.89190125,0
20,1,16,48.398273,0.8161153,-0.8161153,0
21,1,16,50.351505,0.7214716,-0.7214716,0
22,1,16,51.266193,0.8091663,-0.8091663,0
23,1,16,51.4409,0.89878607,-0.89878607,0
24,1,16,52.283493,0.8348088,-0.8348088,0
25,1,16,53.088894,0.83440197,-0.83440197,0
26,1,16,54.097,0.8149166,-0.8149166,0
27,1,16,55.430904,0.77941066,-0.77941066,0
28,1,16,56.410763,0.8097894,-0.8097894,0
29,1,16,57.580196,0.7919635,-0.7919635,0
30,1,16,60.443348,0.59096754,-0.59096754,0
31,1,16,60.851383,0.8212451,-0.8212451,0
32,1,16,62.49023,0.7274349,-0.7274349,0
33,1,16,62.551296,0.89708245,-0.89708245,0
34,1,16,66.68447,0.46357852,-0.46357852,0
35,1,16,66.842705,0.804115,-0.804115,1
36,1,16,67.20373,0.8745334,-0.8745334,0
37,1,16,67.26137,0.91577786,-0.91577786,0
38,1,16,69.01146,0.74226516,-0.74226516,0
39,1,16,69.72114,0.8331589,-0.8331589,0
40,1,16,70.144165,0.8750367,-0.8750367,0
41,1,16,87.72193,0.11870583,-0.11870583,0
0,1,17,4.242919,0.13217072,-0.13217072,1
1,1,17,13.633491,0.1479363,-0.1479363,0
2,1,17,14.461396,0.29636797,-0.29636797,0
3,1,17,16.441908,0.4260511,-0.4260511,1
4,1,17,16.882353,0.74924326,-0.74924326,0
5,1,17,20.704985,0.44472685,-0.44472685,1
6,1,17,28.175913,0.16553992,-0.16553992,0
7,1,17,29.088484,0.36921757,-0.36921757,0
8,1,17,29.880737,0.67135364,-0.67135364,0
9,1,17,30.065413,0.8752689,-0.8752689,0
10,1,17,30.616123,0.86189514,-0.86189514,0
11,1,17,31.407307,0.8360902,-0.8360902,0
12,1,17,31.742321,0.8836385,-0.8836385,0
13,1,17,32.316353,0.86263335,-0.86263335,0
14,1,17,32.951942,0.8547968,-0.8547968,0
15,1,17,33.77331,0.8359255,-0.8359255,0
16,1,17,37.674328,0.52082574,-0.52082574,0
17,1,17,37.85747,0.83350515,-0.83350515,0
18,1,17,40.931976,0.56015795,-0.56015795,0
19,1,17,41.383347,0.79743516,-0.79743516,0
20,1,17,41.38954,0.91394764,-0.91394764,0
21,1,17,42.196785,0.83730644,-0.83730644,0
22,1,17,42.536728,0.8824937,-0.8824937,1
23,1,17,42.6267,0.9139637,-0.9139637,0
24,1,17,43.32127,0.8505938,-0.8505938,0
25,1,17,43.52086,0.89965504,-0.89965504,0
26,1,17,44.457428,0.8262444,-0.8262444,1
27,1,17,46.055412,0.75990367,-0.75990367,0
28,1,17,46.40451,0.8771021,-0.8771021,0
29,1,17,47.12207,0.8488622,-0.8488622,0
30,1,17,48.274006,0.80198526,-0.80198526,0
31,1,17,49.101753,0.83105105,-0.83105105,0
32,1,17,50.76175,0.748834,-0.748834,1
33,1,17,50.903114,0.89523035,-0.89523035,0
34,1,17,51.952656,0.8143598,-0.8143598,0
35,1,17,52.573326,0.8515419,-0.8515419,1
36,1,17,53.65565,0.8084065,-0.8084065,0
37,1,17,53.976482,0.8832301,-0.8832301,0
38,1,17,77.5879,0.10753045,-0.10753045,0
39,1,17,78.1811,0.31048837,-0.31048837,0
40,1,17,80.33506,0.44348657,-0.44348657,0
41,1,17,80.38344,0.82375735,-0.82375735,0
42,1,17,80.80457,0.8706088,-0.8706088,0
43,1,17,82.30255,0.7583396,-0.7583396,0
44,1,17,89.80983,0.22453569,-0.22453569,0
45,1,17,93.8956,0.18598115,-0.18598115,0
0,1,18,0.45263708,0.09980364,-0.09980364,0
1,1,18,0.84483635,0.23266393,-0.23266393,1
2,1,18,1.9941337,0.42811504,-0.42811504,0
3,1,18,2.5201423,0.7408443,-0.7408443,1
4,1,18,3.3602123,0.80777544,-0.80777544,0
5,1,18,3.97659,0.8454554,-0.8454554,0
6,1,18,5.665678,0.73507416,-0.73507416,0
7,1,18,6.7280574,0.7838038,-0.7838038,0
8,1,18,6.994129,0.88377064,-0.88377064,0
9,1,18,8.965216,0.7121071,-0.7121071,0
10,1,18,10.213795,0.75868195,-0.75868195,1
11,1,18,12.483231,0.63940114,-0.63940114,0
12,1,18,14.1283865,0.66285056,-0.66285056,0
13,1,18,16.196154,0.60916924,-0.60916924,0
14,1,18,16.926867,0.7732816,-0.7732816,0
15,1,18,17.474434,0.84498096,-0.84498096,0
16,1,18,17.82516,0.8799927,-0.8799927,0
17,1,18,19.330162,0.7619925,-0.7619925,0
18,1,18,19.840363,0.8557159,-0.8557159,0
19,1,18,20.084234,0.8954937,-0.8954937,1
20,1,18,21.75412,0.751074,-0.751074,0
21,1,18,22.864288,0.79271346,-0.79271346,0
22,1,18,22.995707,0.90191936,-0.90191936,0
23,1,18,28.003912,0.40008658,-0.40008658,0
24,1,18,28.325874,0.7423552,-0.7423552,1
25,1,18,28.876348,0.8430675,-0.8430675,0
26,1,18,31.518143,0.610559,-0.610559,0
27,1,18,32.161144,0.79190874,-0.79190874,0
28,1,18,32.7616,0.8444976,-0.8444976,0
29,1,18,33.820343,0.8021158,-0.8021158,0
30,1,18,33.846867,0.9128289,-0.9128289,0
31,1,18,34.890675,0.8147144,-0.8147144,0
32,1,18,35.73579,0.8284503,-0.8284503,0
33,1,18,35.961914,0.8955002,-0.8955002,0
34,1,18,36.709175,0.84519595,-0.84519595,0
35,1,18,37.479828,0.8396923,-0.8396923,0
36,1,18,44.457092,0.27072978,-0.27072978,1
37,1,18,45.0098,0.5787937,-0.5787937,0
38,1,18,51.31094,0.23951554,-0.23951554,0
39,1,18,57.39298,0.14939086,-0.14939086,0
40,1,18,58.52732,0.3226967,-0.3226967,0
41,1,18,58.932762,0.6962022,-0.6962022,0
42,1,18,59.486954,0.8390608,-0.8390608,0
43,1,18,61.722065,0.661656,-0.661656,0
44,1,18,64.5506,0.51875025,-0.51875025,0
45,1,18,64.64039,0.8383145,-0.8383145,0
46,1,18,65.44487,0.82615757,-0.82615757,0
47,1,18,66.19678,0.8328423,-0.8328423,1
48,1,18,67.36994,0.7911942,-0.7911942,0
49,1,18,67.58443,0.89137,-0.89137,0
50,1,18,68.30951,0.84676844,-0.84676844,0
51,1,18,69.33877,0.8123806,-0.8123806,0
52,1,18,71.57471,0.68432117,-0.68432117,1
53,1,18,72.70408,0.76870036,-0.76870036,0
54,1,18,73.89779,0.77465135,-0.77465135,0
55,1,18,74.943504,0.7912102,-0.7912102,0
56,1,18,78.92719,0.4473268,-0.4473268,0
57,1,18,80.3137,0.58652973,-0.58652973,0
58,1,18,80.917366,0.79011697,-0.79011697,0
59,1,18,81.190765,0.8807619,-0.8807619,0
60,1,18,81.80924,0.85437477,-0.85437477,0
61,1,18,82.42243,0.85454947,-0.85454947,0
62,1,18,82.50957,0.9120029,-0.9120029,0
63,1,18,84.868454,0.6872461,-0.6872461,1
64,1,18,86.29517,0.745545,-0.745545,0
65,1,18,89.05008,0.58455527,-0.58455527,0
66,1,18,89.691696,0.7818477,-0.7818477,0
67,1,18,90.086494,0.86612797,-0.86612797,0
68,1,18,92.26641,0.6763444,-0.6763444,0
69,1,18,92.51593,0.86581546,-0.86581546,0
70,1,18,93.97808,0.76216465,-0.76216465,0
71,1,18,94.04505,0.903127,-0.903127,1
72,1,18,94.13054,0.91575706,-0.91575706,0
73,1,18,95.29168,0.8023678,-0.8023678,0
74,1,18,96.702896,0.7721501,-0.7721501,0
0,1,19,8.930536,0.13550544,-0.13550544,0
1,1,19,9.612488,0.31449106,-0.31449106,0
2,1,19,10.314741,0.6136225,-0.6136225,0
3,1,19,10.705466,0.8363599,-0.8363599,0
4,1,19,11.097442,0.876661,-0.876661,0
5,1,19,15.921765,0.40105,-0.40105,0
6,1,19,16.4891,0.69176906,-0.69176906,0
7,1,19,16.9948,0.8365342,-0.8365342,0
8,1,19,17.144156,0.90159696,-0.90159696,0
9,1,19,17.28504,0.90890086,-0.90890086,0
10,1,19,17.375994,0.9151165,-0.9151165,0
11,1,19,17.921656,0.86613595,-0.86613595,0
12,1,19,18.054777,0.9080285,-0.9080285,0
13,1,19,19.232483,0.8025067,-0.8025067,0
14,1,19,19.28157,0.9122502,-0.9122502,0
15,1,19,21.671343,0.69372624,-0.69372624,0
16,1,19,21.884407,0.8819038,-0.8819038,0
17,1,19,22.898954,0.8204689,-0.8204689,0
18,1,19,23.231483,0.883148,-0.883148,0
19,1,19,24.795197,0.76391476,-0.76391476,0
20,1,19,24.960272,0.89524174,-0.89524174,0
21,1,19,25.049822,0.9153573,-0.9153573,0
22,1,19,26.88676,0.73818105,-0.73818105,0
23,1,19,28.24984,0.76962924,-0.76962924,0
24,1,19,28.452663,0.892424,-0.892424,0
25,1,19,29.509985,0.8134677,-0.8134677,0
26,1,19,29.892296,0.87667793,-0.87667793,0
27,1,19,31.624243,0.7455979,-0.7455979,0
28,1,19,33.132008,0.7484255,-0.7484255,0
29,1,19,33.551933,0.8637178,-0.8637178,0
30,1,19,33.913174,0.88300127,-0.88300127,0
31,1,19,35.21739,0.7859035,-0.7859035,0
32,1,19,36.176636,0.81332004,-0.81332004,0
33,1,19,38.238625,0.6981398,-0.6981398,0
34,1,19,41.341778,0.5238028,-0.5238028,0
35,1,19,41.783623,0.78623116,-0.78623116,1
36,1,19,42.997997,0.7666156,-0.7666156,0
37,1,19,43.20453,0.88534516,-0.88534516,0
38,1,19,44.495018,0.78312576,-0.78312576,0
39,1,19,44.76287,0.88409555,-0.88409555,0
40,1,19,45.82193,0.81170505,-0.81170505,0
41,1,19,46.45053,0.8503501,-0.8503501,0
42,1,19,47.123055,0.85012716,-0.85012716,0
43,1,19,55.18769,0.2211004,-0.2211004,0
44,1,19,56.337612,0.40674958,-0.40674958,1
45,1,19,60.29031,0.31485564,-0.31485564,0
46,1,19,60.349483,0.7324005,-0.7324005,0
47,1,19,62.135654,0.67717695,-0.67717695,0
48,1,19,63.60097,0.69292784,-0.69292784,0
49,1,19,65.27416,0.6739483,-0.6739483,0
50,1,19,67.758484,0.55639803,-0.55639803,1
51,1,19,68.54962,0.741323,-0.741323,0
52,1,19,69.19178,0.8264615,-0.8264615,0
53,1,19,69.48001,0.8843966,-0.8843966,0
54,1,19,69.674866,0.9016619,-0.9016619,0
55,1,19,71.98789,0.6856598,-0.6856598,0
56,1,19,74.40465,0.62055045,-0.62055045,0
57,1,19,76.741135,0.5687664,-0.5687664,0
58,1,19,78.27435,0.63703436,-0.63703436,0
59,1,19,78.48874,0.85715485,-0.85715485,0
60,1,19,79.192505,0.840605,-0.840605,0
61,1,19,81.60191,0.6473125,-0.6473125,1
62,1,19,81.92508,0.84996235,-0.84996235,0
63,1,19,83.51595,0.7433465,-0.7433465,0
64,1,19,84.23331,0.8240561,-0.8240561,1
65,1,19,84.31461,0.9092511,-0.9092511,0
66,1,19,84.70034,0.8830194,-0.8830194,0
67,1,19,86.71547,0.71650064,-0.71650064,0
68,1,19,86.764915,0.9012416,-0.9012416,0
69,1,19,87.65619,0.8319942,-0.8319942,1
70,1,19,88.61029,0.81916815,-0.81916815,0
71,1,19,88.88348,0.88961375,-0.88961375,0
72,1,19,90.59872,0.7486926,-0.7486926,0
73,1,19,91.1505,0.85215205,-0.85215205,0
74,1,19,92.16898,0.8153157,-0.8153157,0
75,1,19,92.61613,0.8701122,-0.8701122,1
76,1,19,94.11159,0.7676686,-0.7676686,1
77,1,19,94.676155,0.8525363,-0.8525363,0
78,1,19,96.94812,0.6827131,-0.6827131,0
79,1,19,97.89333,0.78843606,-0.78843606,0
